{"charErrorRates": [0.10816462736373748], "wordAccuracies": [0.731009365244537]}